,Accuracy,Precision,Recall (Repaid),Recall (Default),F1-Score,ROC-AUC
XGBoost,0.7850790513833992,0.9523809523809523,0.7078313253012049,0.9324712643678161,0.8120950323974082,0.878748561054563
Logistic Regression,0.7445652173913043,0.8065003779289494,0.8034638554216867,0.632183908045977,0.8049792531120332,0.8457215175356598
Random Forest,0.696393280632411,0.8694976696012429,0.6321536144578314,0.8189655172413793,0.7320688903422716,0.8137574543865116
Decision Tree,0.6778656126482213,0.8470225872689938,0.6212349397590361,0.7859195402298851,0.7167680278019114,0.7661874599691871
